x,y
0,0
0.1,-0.1
0.2,-0.2
0.3,-0.3
0.4,-0.4
0.5,-0.5
0.6,-0.6
0.7,-0.7
0.8,-0.8
0.9,-0.9
1,-1
1.1,-1.1
1.2,-1.2
1.3,-1.3
1.4,-1.4
1.5,-1.5
1.6,-1.6
1.7,-1.7
1.8,-1.8
1.9,-1.9
2,-2
2.1,-2.1
2.2,-2.2
2.3,-2.3
2.4,0
2.5,0
2.6,0
2.7,0
2.8,0
2.9,0
3,0
3.1,0
3.2,0
3.3,0
3.4,0
3.5,0
3.6,0
3.7,0
3.8,0
3.9,0
4,0
4.1,0
4.2,0
4.3,0
4.4,0
4.5,0
4.6,0
4.7,0
4.8,0
4.9,0
5,0
5.1,0
5.2,0
5.3,0
5.4,0
5.5,0
5.6,0
5.7,0
5.8,0
5.9,0
6,0
6.1,0
6.2,0
6.3,0
6.4,0
6.5,0
6.6,0
6.7,0
6.8,0
6.9,0
7,0
7.1,0
7.2,0
7.3,0
7.4,0
7.5,0
7.6,0
7.7,0
7.8,0
7.9,0
8,0
8.1,0
8.2,0
8.3,0
8.4,0
8.5,0
8.6,0
8.7,0
8.8,0
8.9,0
9,0
9.1,0
9.2,0
9.3,0
9.4,0
9.5,0
9.6,0
9.7,0
9.8,0
9.9,0
10,0
10.1,0
10.2,0
10.3,0
10.4,0
10.5,0
10.6,0
10.7,0
10.8,0
10.9,0
11,0
11.1,0
11.2,0
11.3,0
11.4,0
11.5,0
11.6,0
11.7,0
11.8,0
11.9,0
12,0
12.1,0
12.2,0
12.3,0
12.4,0
12.5,0
12.6,0
12.7,0
12.8,0
12.9,0
13,0
13.1,0
13.2,0
13.3,0
13.4,0
13.5,0
13.6,0
13.7,0
13.8,0
13.9,0
14,0
14.1,0
14.2,0
14.3,0
14.4,0
14.5,0
14.6,0
14.7,0
14.8,0
14.9,0
15,0
15.1,0
15.2,0
15.3,0
15.4,0
15.5,0
15.6,0
15.7,0
15.8,0
15.9,0
16,0
16.1,0
16.2,0
16.3,0
16.4,0
16.5,0
16.6,0
16.7,0
16.8,0
16.9,0
17,0
17.1,0
17.2,0
17.3,0
17.4,0
17.5,0
17.6,0
17.7,0
17.8,0
17.9,0
18,0
18.1,0
18.2,0
18.3,0
18.4,0
18.5,0
18.6,0
18.7,0
18.8,0
18.9,0
19,0
19.1,0
19.2,0
19.3,0
19.4,0
19.5,0
19.6,0
19.7,0
19.8,0
19.9,0
20,0
20.1,0.0032
20.2,0.0132
20.3,0.0232
20.4,0.0332
20.5,0.0432
20.6,0.0532
20.7,0.0632
20.8,0.0732
20.9,0.0832
21,0.0932
21.1,0.1032
21.2,0.1132
21.3,0.1232
21.4,0.1332
21.5,0.1432
21.6,0.1532
21.7,0.1632
21.8,0.1732
21.9,0.1832
22,0.1932
22.1,0.2032
22.2,0.2132
22.3,0.2232
22.4,0.2332
22.5,0.2432
22.6,0.2532
22.7,0.2632
22.8,0.2732
22.9,0.2832
23,0.2932
23.1,0.3032
23.2,0.3132
23.3,0.3232
23.4,0.3332
23.5,0.3432
23.6,0.3532
23.7,0.3632
23.8,0.3732
23.9,0.3832
24,0.3932
24.1,0.4032
24.2,0.4132
24.3,0.4232
24.4,0.4332
24.5,0.4432
24.6,0.4532
24.7,0.4632
24.8,0.4732
24.9,0.4832
25,0.4932
25.1,0.5032
25.2,0.5132
25.3,0.5232
25.4,0.5332
25.5,0.5432
25.6,0.5532
25.7,0.5632
25.8,0.5732
25.9,0.5832
26,0.5932
26.1,0.6032
26.2,0.6132
26.3,0.6232
26.4,0.6332
26.5,0.6432
26.6,0.6532
26.7,0.6632
26.8,0.6732
26.9,0.6832
27,0.6932
27.1,0.7032
27.2,0.7132
27.3,0.7232
27.4,0.7332
27.5,0.7432
27.6,0.7532
27.7,0.7632
27.8,0.7732
27.9,0.7832
28,0.7832
28.1,0.7832
28.2,0.7832
28.3,0.7832
28.4,0.7832
28.5,0.7832
28.6,0.7832
28.7,0.7832
28.8,0.7832
28.9,0.7832
29,0.7832
29.1,0.7832
29.2,0.7832
29.3,0.7832
29.4,0.7832
29.5,0.7832
29.6,0.7832
29.7,0.7832
29.8,0.7832
29.9,0.7832
30,0.7832
30.1,0.7832
30.2,0.7832
30.3,0.7832
30.4,0.7832
30.5,0.7832
30.6,0.7832
30.7,0.7832
30.8,0.7832
30.9,0.7832
31,0.7832
31.1,0.7832
31.2,0.7832
31.3,0.7832
31.4,0.7832
31.5,0.7832
31.6,0.7832
31.7,0.7832
31.8,0.7832
31.9,0.7832
32,0.7832
32.1,0.7832
32.2,0.7832
32.3,0.7832
32.4,0.7832
32.5,0.7832
32.6,0.7832
32.7,0.7832
32.8,0.7832
32.9,0.7832
33,0.7832
33.1,0.7832
33.2,0.7832
33.3,0.7832
33.4,0.7832
33.5,0.7832
33.6,0.7832
33.7,0.7832
33.8,0.7832
33.9,0.7832
34,0.7832
34.1,0.7832
34.2,0.7832
34.3,0.7832
34.4,0.7832
34.5,0.7832
34.6,0.7832
34.7,0.7832
34.8,0.7832
34.9,0.7832
35,0.7832
35.1,0.7832
35.2,0.7832
35.3,0.7832
35.4,0.7832
35.5,0.7832
35.6,0.7832
35.7,0.7832
35.8,0.7832
35.9,0.7832
36,0.7832
36.1,0.7832
36.2,0.7832
36.3,0.7832
36.4,0.7832
36.5,0.7832
36.6,0.7832
36.7,0.7832
36.8,0.7832
36.9,0.7832
37,0.7832
37.1,0.7832
37.2,0.7832
37.3,0.7832
37.4,0.7832
37.5,0.7832
37.6,0.777421612
37.7,0.779304664
37.8,0.773406352
37.9,0.759824312
38,0.738732317
38.1,0.710378175
38.2,0.675080879
38.3,0.633227077
38.4,0.585266877
38.5,0.531709038
38.6,0.47311561
38.7,0.410096056
38.8,0.343300943
38.9,0.273415248
39,0.20115135
39.1,0.127241797
39.2,0.052431893
39.3,-0.022527797
39.4,-0.096888955
39.5,-0.169912966
39.6,-0.240878233
39.7,-0.309087292
39.8,-0.373873643
39.9,-0.434608245
40,-0.490705603
40.1,-0.541629389
40.2,-0.586897546
40.3,-0.626086823
40.4,-0.658836707
40.5,-0.684852701
40.6,-0.703908934
40.7,-0.71585007
40.8,-0.720592509
40.9,-0.718124857
41,-0.708507686
41.1,-0.691872564
41.2,-0.668420396
41.3,-0.638419069
41.4,-0.602200449
41.5,-0.560156752
41.6,-0.51273633
41.7,-0.460438921
41.8,-0.40381041
41.9,-0.343437151
42,-0.279939922
42.1,-0.213967557
42.2,-0.146190343
42.3,-0.077293219
42.4,-0.007968879
42.5,0.061089178
42.6,0.129193567
42.7,0.195669842
42.8,0.259863158
42.9,0.321144705
43,0.378917847
43.1,0.432623914
43.2,0.481747581
43.3,0.525821795
43.4,0.564432191
43.5,0.597220959
43.6,0.623890135
43.7,0.644204268
43.8,0.657992464
43.9,0.665149761
44,0.665637851
44.1,0.659485131
44.2,0.646786081
44.3,0.627699998
44.4,0.602449084
44.5,0.571315911
44.6,0.534640307
44.7,0.492815679
44.8,0.446284823
44.9,0.395535262
45,0.34109416
45.1,0.283522867
45.2,0.22341115
45.3,0.161371173
45.4,0.098031274
45.5,0.034029622
45.6,-0.029992196
45.7,-0.093395592
45.8,-0.155551334
45.9,-0.215845765
46,-0.273686857
46.1,-0.328509997
46.2,-0.379783491
46.3,-0.427013693
46.4,-0.469749745
46.5,-0.507587856
46.6,-0.540175097
46.7,-0.567212667
46.8,-0.588458599
46.9,-0.603729896
47,-0.612904054
47.1,-0.615919991
47.2,-0.612778344
47.3,-0.603541154
47.4,-0.588330945
47.5,-0.567329199
47.6,-0.540774251
47.7,-0.508958628
47.8,-0.472225864
47.9,-0.430966818
48,-0.38561554
48.1,-0.336644725
48.2,-0.28456081
48.3,-0.229898752
48.4,-0.173216552
48.5,-0.115089575
48.6,-0.056104724
48.7,0.003145468
48.8,0.06206878
48.9,0.120079201
49,0.176602749
49.1,0.231083133
49.2,0.282987214
49.3,0.331810203
49.4,0.377080557
49.5,0.418364517
49.6,0.455270242
49.7,0.487451508
49.8,0.514610938
49.9,0.536502717
50,0.552934792
50.1,0.563770518
50.2,0.568929742
50.3,0.568389322
50.4,0.562183077
50.5,0.550401159
50.6,0.533188876
50.7,0.510744971
50.8,0.483319368
50.9,0.451210429
51,0.414761732
51.1,0.374358422
51.2,0.330423166
51.3,0.283411741
51.4,0.233808335
51.5,0.182120566
51.6,0.12887431
51.7,0.074608364
51.8,0.019869004
51.9,-0.034795495
52,-0.088840339
52.1,-0.141729633
52.2,-0.192941678
52.3,-0.241974102
52.4,-0.288348779
52.5,-0.331616471
52.6,-0.371361169
52.7,-0.407204071
52.8,-0.438807177
52.9,-0.465876457
53,-0.488164564
53.1,-0.505473064
53.2,-0.517654177
53.3,-0.524611995
53.4,-0.526303178
53.5,-0.522737128
53.6,-0.513975629
53.7,-0.500131972
53.8,-0.481369567
53.9,-0.457900062
54,-0.429980994
54.1,-0.397912992
54.2,-0.362036562
54.3,-0.322728491
54.4,-0.280397912
54.5,-0.235482063
54.6,-0.18844178
54.7,-0.139756789
54.8,-0.089920828
54.9,-0.039436649
55,0.01118904
55.1,0.061450644
55.2,0.110848723
55.3,0.158894939
55.4,0.205116871
55.5,0.249062648
55.6,0.290305354
55.7,0.328447159
55.8,0.363123142
55.9,0.394004767
56,0.420802976
56.1,0.44327088
56.2,0.461206003
56.3,0.474452088
56.4,0.482900417
56.5,0.486490666
56.6,0.485211259
56.7,0.479099242
56.8,0.468239673
56.9,0.452764533
57,0.432851175
57.1,0.40872033
57.2,0.380633688
57.3,0.348891085
57.4,0.313827324
57.5,0.275808659
57.6,0.235228984
57.7,0.192505773
57.8,0.148075794
57.9,0.102390657
58,0.055912237
58.1,0.00910802
58.2,-0.037553594
58.3,-0.083607963
58.4,-0.128598815
58.5,-0.172082765
58.6,-0.213633663
58.7,-0.252846767
58.8,-0.289342664
58.9,-0.322770936
59,-0.352813504
59.1,-0.37918764
59.2,-0.401648613
59.3,-0.419991937
59.4,-0.434055213
59.5,-0.443719534
59.6,-0.448910459
59.7,-0.44959853
59.8,-0.445799343
59.9,-0.437573167
60,-0.425024122
60.1,-0.408298918
60.2,-0.387585185
60.3,-0.363109392
60.4,-0.335134398
60.5,-0.30395665
60.6,-0.269903055
60.7,-0.233327572
60.8,-0.194607544
60.9,-0.154139821
61,-0.112336702
61.1,-0.069621747
61.2,-0.0264255
61.3,0.016818845
61.4,0.059679775
61.5,0.101731751
61.6,0.142559426
61.7,0.181761733
61.8,0.218955816
61.9,0.253780756
62,0.285901061
62.1,0.315009887
62.2,0.340831953
62.3,0.363126129
62.4,0.381687671
62.5,0.396350082
62.6,0.406986583
62.7,0.413511175
62.8,0.415879296
62.9,0.414088061
63,0.408176077
63.1,0.398222858
63.2,0.384347821
63.3,0.366708903
63.4,0.345500787
63.5,0.320952783
63.6,0.293326365
63.7,0.262912404
63.8,0.230028119
63.9,0.195013784
64,0.158229221
64.1,0.120050108
64.2,0.08086416
64.3,0.041067198
64.4,0.001059163
64.5,-0.038759895
64.6,-0.077993803
64.7,-0.116254202
64.8,-0.153164379
64.9,-0.188362964
65,-0.22150746
65.1,-0.252277563
65.2,-0.280378246
65.3,-0.305542577
65.4,-0.327534238
65.5,-0.34614973
65.6,-0.361220241
65.7,-0.372613154
65.8,-0.38023319
65.9,-0.384023172
66,-0.383964405
66.1,-0.380076672
66.2,-0.37241784
66.3,-0.361083101
66.4,-0.346203828
66.5,-0.32794609
66.6,-0.306508821
66.7,-0.282121672
66.8,-0.255042568
66.9,-0.225554992
67,-0.193965037
67.1,-0.160598233
67.2,-0.125796207
67.3,-0.089913197
67.4,-0.053312453
67.5,-0.016362574
67.6,0.0205662
67.7,0.057105685
67.8,0.092893416
67.9,0.127576233
68,0.160813757
68.1,0.192281719
68.2,0.221675118
68.3,0.248711159
68.4,0.273131973
68.5,0.294707054
68.6,0.313235429
68.7,0.32854751
68.8,0.340506631
68.9,0.349010249
69,0.353990791
69.1,0.355416158
69.2,0.353289866
69.3,0.347650835
69.4,0.338572822
69.5,0.326163514
69.6,0.310563284
69.7,0.291943626
69.8,0.270505293
69.9,0.246476147
70,0.220108751
70.1,0.191677728
70.2,0.161476912
70.3,0.129816321
70.4,0.097018985
70.5,0.063417661
70.6,0.029351462
70.7,-0.004837551
70.8,-0.038807802
70.9,-0.072221596
71,-0.104748476
71.1,-0.136068475
71.2,-0.165875261
71.3,-0.193879117
71.4,-0.219809756
71.5,-0.243418913
71.6,-0.264482712
71.7,-0.28280378
71.8,-0.298213083
71.9,-0.310571465
72,-0.319770894
72.1,-0.325735379
72.2,-0.328421572
72.3,-0.327819034
72.4,-0.323950176
72.5,-0.316869874
72.6,-0.306664755
72.7,-0.29345218
72.8,-0.277378918
72.9,-0.258619534
73,-0.237374511
73.1,-0.213868123
73.2,-0.188346076
73.3,-0.161072954
73.4,-0.132329484
73.5,-0.102409656
73.6,-0.071617727
73.7,-0.040265133
73.8,-0.008667348
73.9,0.022859282
74,0.054000696
74.1,0.084448246
74.2,0.11390174
74.3,0.142072396
74.4,0.16868567
74.5,0.193483914
74.6,0.216228869
74.7,0.236703943
74.8,0.254716259
74.9,0.270098465
75,0.282710271
75.1,0.292439718
75.2,0.299204151
75.3,0.302950897
75.4,0.30365764
75.5,0.301332493
75.6,0.296013768
75.7,0.287769438
75.8,0.276696314
75.9,0.262918938
76,0.246588198
76.1,0.227879694
76.2,0.206991866
76.3,0.184143895
76.4,0.15957342
76.5,0.133534072
76.6,0.106292866
76.7,0.078127473
76.8,0.049323393
76.9,0.020171074
77,-0.009037012
77.1,-0.038009297
77.2,-0.066458017
77.3,-0.094102065
77.4,-0.120669763
77.5,-0.145901519
77.6,-0.169552362
77.7,-0.191394307
77.8,-0.211218549
77.9,-0.228837443
78,-0.244086277
78.1,-0.256824796
78.2,-0.266938478
78.3,-0.274339553
78.4,-0.278967738
78.5,-0.280790708
78.6,-0.279804272
78.7,-0.27603228
78.8,-0.269526243
78.9,-0.260364682
79,-0.248652209
79.1,-0.234518354
79.2,-0.218116151
79.3,-0.199620492
79.4,-0.179226274
79.5,-0.157146357
79.6,-0.13360935
79.7,-0.108857255
79.8,-0.083142982
79.9,-0.056727779
80,-0.029878578
80.1,-0.00286531
80.2,0.024041804
80.3,0.05057495
80.4,0.07647138
80.5,0.101476005
80.6,0.125343903
80.7,0.147842711
80.8,0.168754876
80.9,0.187879757
81,0.205035535
81.1,0.220060939
81.2,0.232816744
81.3,0.243187059
81.4,0.251080358
81.5,0.256430275
81.6,0.259196142
81.7,0.259363262
81.8,0.256942931
81.9,0.25197219
82,0.244513334
82.1,0.234653158
82.2,0.222501974
82.3,0.208192392
82.4,0.191877886
82.5,0.173731159
82.6,0.153942327
82.7,0.132716931
82.8,0.110273817
82.9,0.086842883
83,0.062662731
83.1,0.037978246
83.2,0.013038119
83.3,-0.011907647
83.4,-0.03661024
83.5,-0.060824517
83.6,-0.084311425
83.7,-0.106840356
83.8,-0.128191411
83.9,-0.148157529
84,-0.166546497
84.1,-0.183182789
84.2,-0.197909233
84.3,-0.210588489
84.4,-0.221104317
84.5,-0.229362633
84.6,-0.235292337
84.7,-0.238845907
84.8,-0.239999754
84.9,-0.238754339
85,-0.235134049
85.1,-0.229186834
85.2,-0.22098361
85.3,-0.21061744
85.4,-0.198202494
85.5,-0.183872802
85.6,-0.167780825
85.7,-0.150095836
85.8,-0.131002152
85.9,-0.11069722
86,-0.08938958
86.1,-0.067296735
86.2,-0.04464293
86.3,-0.02165689
86.4,0.00143049
86.5,0.024388455
86.6,0.046988691
86.7,0.069007593
86.8,0.090228465
86.9,0.110443652
87,0.129456567
87.1,0.14708359
87.2,0.163155839
87.3,0.177520782
87.4,0.190043672
87.5,0.200608807
87.6,0.209120585
87.7,0.215504361
87.8,0.219707081
87.9,0.221697712
88,0.221467432
88.1,0.219029617
88.2,0.214419587
88.3,0.207694153
88.4,0.198930937
88.5,0.188227499
88.6,0.175700259
88.7,0.161483249
88.8,0.145726681
88.9,0.128595373
89,0.110267033
89.1,0.090930417
89.2,0.070783397
89.3,0.050030942
89.4,0.028883033
89.5,0.007552551
89.6,-0.013746866
89.7,-0.034802954
89.8,-0.055406937
89.9,-0.075355586
90,-0.094453223
90.1,-0.112513633
90.2,-0.129361872
90.3,-0.144835959
90.4,-0.158788427
90.5,-0.171087717
90.6,-0.181619414
90.7,-0.190287301
90.8,-0.197014229
90.9,-0.201742793
91,-0.204435802
91.1,-0.205076549
91.2,-0.203668882
91.3,-0.200237054
91.4,-0.194825388
91.5,-0.187497727
91.6,-0.178336706
91.7,-0.167442833
91.8,-0.154933392
91.9,-0.140941199
92,-0.125613192
92.1,-0.109108899
92.2,-0.091598783
92.3,-0.073262488
92.4,-0.054287003
92.5,-0.034864756
92.6,-0.015191674
92.7,0.004534794
92.8,0.024117651
92.9,0.043362314
93,0.062078543
93.1,0.080082318
93.2,0.097197642
93.3,0.113258254
93.4,0.128109245
93.5,0.141608538
93.6,0.153628247
93.7,0.16405588
93.8,0.172795383
93.9,0.179768016
94,0.184913055
94.1,0.188188303
94.2,0.189570423
94.3,0.189055071
94.4,0.186656852
94.5,0.182409074
94.6,0.176363323
94.7,0.168588863
94.8,0.159171848
94.9,0.148214387
95,0.135833442
95.1,0.122159585
95.2,0.107335635
95.3,0.091515166
95.4,0.074860926
95.5,0.057543164
95.6,0.039737899
95.7,0.021625134
95.8,0.003387041
95.9,-0.014793869
96,-0.032736562
96.1,-0.050263286
96.2,-0.067201321
96.3,-0.083384681
96.4,-0.098655735
96.5,-0.112866734
96.6,-0.125881242
96.7,-0.137575431
96.8,-0.147839261
96.9,-0.156577506
97,-0.163710628
97.1,-0.169175494
97.2,-0.172925925
97.3,-0.174933068
97.4,-0.1751856
97.5,-0.173689755
97.6,-0.17046917
97.7,-0.165564566
97.8,-0.159033255
97.9,-0.150948489
98,-0.141398642
98.1,-0.130486263
98.2,-0.118326976
98.3,-0.105048265
98.4,-0.090788139
98.5,-0.07569371
98.6,-0.059919674
98.7,-0.043626736
98.8,-0.026979971
98.9,-0.010147163
99,0.006702889
99.1,0.023402053
99.2,0.039784542
99.3,0.055688553
99.4,0.070957864
99.5,0.085443359
99.6,0.099004484
99.7,0.111510605
99.8,0.122842262
99.9,0.132892301
100,0.141566887
100.1,0.148786367
100.2,0.154486001
100.3,0.158616525
100.4,0.161144572
100.5,0.162052923
100.6,0.161340598
100.7,0.159022782
100.8,0.155130599
100.9,0.149710718
101,0.14282481
101.1,0.13454886
101.2,0.124972337
101.3,0.114197233
101.4,0.102336987
101.5,0.089515291
101.6,0.075864812
101.7,0.061525819
101.8,0.046644747
101.9,0.031372709
102,0.015863962
102.1,0.000274354
102.2,-0.015240236
102.3,-0.030525456
102.4,-0.045430012
102.5,-0.05980716
102.6,-0.073516148
102.7,-0.086423588
102.8,-0.098404754
102.9,-0.109344776
103,-0.119139745
103.1,-0.127697686
103.2,-0.13493942
103.3,-0.140799291
103.4,-0.145225751
103.5,-0.148181804
103.6,-0.149645303
103.7,-0.149609096
103.8,-0.148081026
103.9,-0.145083771
104,-0.140654551
104.1,-0.13484468
104.2,-0.127718985
104.3,-0.119355095
104.4,-0.109842597
104.5,-0.099282087
104.6,-0.087784111
104.7,-0.075468016
104.8,-0.062460707
104.9,-0.048895356
105,-0.03491003
105.1,-0.0206463
105.2,-0.006247807
105.3,0.008141183
105.4,0.022377216
105.5,0.03631908
105.6,0.049829199
105.7,0.062774992
105.8,0.075030166
105.9,0.086475944
106,0.097002215
106.1,0.106508588
106.2,0.114905341
106.3,0.12211427
106.4,0.128069404
106.5,0.132717606
106.6,0.136019038
106.7,0.137947493
106.8,0.138490585
106.9,0.137649807
107,0.135440448
107.1,0.131891366
107.2,0.127044639
107.3,0.120955074
107.4,0.113689602
107.5,0.105326544
107.6,0.095954781
107.7,0.085672807
107.8,0.074587703
107.9,0.062814027
108,0.05047263
108.1,0.037689425
108.2,0.024594102
108.3,0.011318816
108.4,-0.002003141
108.5,-0.015238678
108.6,-0.028256227
108.7,-0.040927053
108.8,-0.05312652
108.9,-0.064735312
109,-0.075640604
109.1,-0.085737144
109.2,-0.094928275
109.3,-0.10312685
109.4,-0.110256054
109.5,-0.116250123
109.6,-0.121054938
109.7,-0.124628515
109.8,-0.126941353
109.9,-0.127976675
110,-0.127730528
110.1,-0.126211757
110.2,-0.123441858
110.3,-0.119454693
110.4,-0.114296097
110.5,-0.108023361
110.6,-0.100704597
110.7,-0.092418014
110.8,-0.083251079
110.9,-0.073299605
111,-0.062666751
111.1,-0.051461955
111.2,-0.039799816
111.3,-0.02779892
111.4,-0.015580642
111.5,-0.003267917
111.6,0.009015989
111.7,0.021148712
111.8,0.033010007
111.9,0.044482937
112,0.05545502
112.1,0.065819328
112.2,0.075475531
112.3,0.084330859
112.4,0.092300993
112.5,0.099310862
112.6,0.105295346
112.7,0.110199877
112.8,0.113980928
112.9,0.116606394
113,0.118055855
113.1,0.118320721
113.2,0.117404258
113.3,0.115321499
113.4,0.112099032
113.5,0.107774678
113.6,0.10239706
113.7,0.096025061
113.8,0.088727189
113.9,0.080580843
114,0.071671498
114.1,0.062091812
114.2,0.051940666
114.3,0.041322147
114.4,0.030344484
114.5,0.019118948
114.6,0.007758727
114.7,-0.003622212
114.8,-0.014910264
114.9,-0.025993317
115,-0.036761863
115.1,-0.047110076
115.2,-0.056936851
115.3,-0.066146785
115.4,-0.074651106
115.5,-0.08236852
115.6,-0.089225984
115.7,-0.095159401
115.8,-0.100114204
115.9,-0.10404586
116,-0.106920262
116.1,-0.108714017
116.2,-0.109414625
116.3,-0.109020552
116.4,-0.107541187
116.5,-0.104996697
116.6,-0.101417771
116.7,-0.096845259
116.8,-0.091329719
116.9,-0.084930861
117,-0.077716906
117.1,-0.069763863
117.2,-0.061154734
117.3,-0.05197865
117.4,-0.042329951
117.5,-0.032307221
117.6,-0.02201228
117.7,-0.011549158
117.8,-0.001023042
117.9,0.009460777
118,0.019797957
118.1,0.029886135
118.2,0.039625945
118.3,0.04892199
118.4,0.057683774
118.5,0.06582658
118.6,0.073272289
118.7,0.07995012
118.8,0.085797307
118.9,0.090759678
119,0.094792157
119.1,0.097859166
119.2,0.099934933
119.3,0.1010037
119.4,0.101059831
119.5,0.100107817
119.6,0.098162181
119.7,0.095247281
119.8,0.091397022
119.9,0.086654469
120,0.081071367
120.1,0.074707591
120.2,0.067630498
120.3,0.059914226
120.4,0.051638918
120.5,0.04288989
120.6,0.033756759
120.7,0.024332525
120.8,0.014712628
120.9,0.004993982
121,-0.004725998
121.1,-0.014350366
121.2,-0.023783617
121.3,-0.032932627
121.4,-0.04170757
121.5,-0.0500228
121.6,-0.057797683
121.7,-0.064957374
121.8,-0.07143354
121.9,-0.077165001
122,-0.082098314
122.1,-0.086188259
122.2,-0.089398254
122.3,-0.091700674
122.4,-0.093077083
122.5,-0.093518375
122.6,-0.09302481
122.7,-0.091605975
122.8,-0.089280634
122.9,-0.086076499
123,-0.082029908
123.1,-0.077185418
123.2,-0.071595323
123.3,-0.065319093
123.4,-0.05842274
123.5,-0.050978136
123.6,-0.04306226
123.7,-0.034756406
123.8,-0.026145353
123.9,-0.017316502
124,-0.008358988
124.1,0.000637214
124.2,0.009582192
124.3,0.018386994
124.4,0.02696451
124.5,0.035230328
124.6,0.043103571
124.7,0.050507675
124.8,0.057371141
124.9,0.063628215
125,0.06921952
125.1,0.074092616
125.2,0.078202484
125.3,0.081511945
125.4,0.083991984
125.5,0.085622006
125.6,0.086389993
125.7,0.086292587
125.8,0.085335074
125.9,0.083531294
126,0.080903456
126.1,0.077481878
126.2,0.073304642
126.3,0.068417176
126.4,0.062871765
126.5,0.056726995
126.6,0.050047136
126.7,0.042901475
126.8,0.035363598
126.9,0.027510637
127,0.019422481
127.1,0.011180965
127.2,0.002869046
127.3,-0.005430029
127.4,-0.01363356
127.5,-0.021660208
127.6,-0.029430807
127.7,-0.036869137
127.8,-0.043902675
127.9,-0.050463293
128,-0.056487922
128.1,-0.061919151
128.2,-0.066705775
128.3,-0.070803272
128.4,-0.074174214
128.5,-0.076788608
128.6,-0.078624153
128.7,-0.079666428
128.8,-0.079908995
128.9,-0.079353423
129,-0.078009234
129.1,-0.075893766
129.2,-0.073031964
129.3,-0.069456091
129.4,-0.06520537
129.5,-0.06032556
129.6,-0.054868463
129.7,-0.048891383
129.8,-0.042456522
129.9,-0.035630339
130,-0.028482861
130.1,-0.021086973
130.2,-0.013517673
130.3,-0.005851313
130.4,0.001835165
130.5,0.009465005
130.6,0.016962396
130.7,0.024253229
130.8,0.031265823
130.9,0.037931628
131,0.044185897
131.1,0.049968309
131.2,0.055223549
131.3,0.059901836
131.4,0.063959392
131.5,0.067358847
131.6,0.07006958
131.7,0.072067992
131.8,0.073337706
131.9,0.073869694
132,0.07366233
132.1,0.072721368
132.2,0.071059853
132.3,0.068697947
132.4,0.0656627
132.5,0.06198774
132.6,0.057712909
132.7,0.052883829
132.8,0.047551427
132.9,0.041771392
133,0.0356036
133.1,0.029111498
133.2,0.022361447
133.3,0.015422053
133.4,0.008363466
133.5,0.001256674
133.6,-0.005827204
133.7,-0.012817637
133.8,-0.019645376
133.9,-0.026243138
134,-0.032546273
134.1,-0.038493387
134.2,-0.044026948
134.3,-0.049093831
134.4,-0.053645832
134.5,-0.057640123
134.6,-0.061039649
134.7,-0.063813475
134.8,-0.065937057
134.9,-0.06739246
135,-0.068168503
135.1,-0.068260833
135.2,-0.067671941
135.3,-0.066411096
135.4,-0.064494225
135.5,-0.061943717
135.6,-0.058788167
135.7,-0.055062064
135.8,-0.050805413
135.9,-0.046063312
136,-0.040885476
136.1,-0.035325714
136.2,-0.029441381
136.3,-0.023292778
136.4,-0.016942543
136.5,-0.010455013
136.6,-0.003895573
136.7,0.002670003
136.8,0.009176205
136.9,0.015558443
137,0.021753686
137.1,0.027701081
137.2,0.033342552
137.3,0.038623363
137.4,0.043492646
137.5,0.047903893
137.6,0.051815395
137.7,0.055190637
137.8,0.05799863
137.9,0.060214201
138,0.061818207
138.1,0.062797704
138.2,0.063146037
138.3,0.062862879
138.4,0.061954205
138.5,0.060432197
138.6,0.058315092
138.7,0.055626973
138.8,0.052397495
138.9,0.048661566
139,0.04445897
139.1,0.039833948
139.2,0.034834731
139.3,0.029513043
139.4,0.023923564
139.5,0.018123374
139.6,0.012171369
139.7,0.006127666
139.8,5.29941E-05
139.9,-0.005991908
140,-0.011946905
140.1,-0.017753054
140.2,-0.023353195
140.3,-0.028692505
140.4,-0.033719036
140.5,-0.038384218
140.6,-0.042643329
140.7,-0.046455917
140.8,-0.049786187
140.9,-0.052603332
141,-0.054881815
141.1,-0.056601601
141.2,-0.057748323
141.3,-0.058313405
141.4,-0.058294112
141.5,-0.05769355
141.6,-0.056520609
141.7,-0.05478984
141.8,-0.052521286
141.9,-0.049740255
142,-0.046477036
142.1,-0.04276658
142.2,-0.03864812
142.3,-0.034164765
142.4,-0.029363047
142.5,-0.024292442
142.6,-0.019004859
142.7,-0.013554113
142.8,-0.007995378
142.9,-0.002384631
143,0.003221915
143.1,0.008768367
143.2,0.014199708
143.3,0.019462348
143.4,0.024504643
143.5,0.029277406
143.6,0.033734382
143.7,0.037832697
143.8,0.041533268
143.9,0.044801173
144,0.04760598
144.1,0.049922024
144.2,0.051728648
144.3,0.053010373
144.4,0.053757035
144.5,0.053963857
144.6,0.053631469
144.7,0.052765873
144.8,0.051378364
144.9,0.04948538
145,0.047108322
145.1,0.044273311
145.2,0.041010903
145.3,0.037355767
145.4,0.033346313
145.5,0.029024296
145.6,0.024434376
145.7,0.019623666
145.8,0.014641244
145.9,0.009537655
146,0.004364401
146.1,-0.000826577
146.2,-0.005983421
146.3,-0.011054873
146.4,-0.015990781
146.5,-0.020742596
146.6,-0.025263846
146.7,-0.029510591
146.8,-0.033441848
146.9,-0.037019983
147,-0.040211073
147.1,-0.042985225
147.2,-0.045316851
147.3,-0.047184905
147.4,-0.048573069
147.5,-0.049469892
147.6,-0.049868881
147.7,-0.04976854
147.8,-0.049172361
147.9,-0.04808876
148,-0.046530978
148.1,-0.044516913
148.2,-0.042068928
148.3,-0.039213602
148.4,-0.03598144
148.5,-0.032406558
148.6,-0.028526316
148.7,-0.024380936
148.8,-0.020013081
148.9,-0.01546742
149,-0.010790176
149.1,-0.006028649
149.2,-0.001230748
149.3,0.003555499
149.4,0.008282415
149.5,0.012903155
149.6,0.017372167
149.7,0.021645637
149.8,0.025681923
149.9,0.029441952
150,0.032889606
150.1,0.035992057
150.2,0.038720088
150.3,0.041048358
150.4,0.042955643
150.5,0.044425021
150.6,0.045444022
150.7,0.046004728
150.8,0.046103836
150.9,0.045742657
151,0.04492709
151.1,0.043667535
151.2,0.041978768
151.3,0.039879771
151.4,0.037393524
151.5,0.034546753
151.6,0.031369647
151.7,0.027895538
151.8,0.024160556
151.9,0.020203251
152,0.016064196
152.1,0.011785577
152.2,0.007410761
152.3,0.002983857
152.4,-0.001450725
152.5,-0.005848722
152.6,-0.010166455
152.7,-0.014361263
152.8,-0.018391925
152.9,-0.022219063
153,-0.025805523
153.1,-0.029116738
153.2,-0.032121058
153.3,-0.034790052
153.4,-0.037098775
153.5,-0.039025999
153.6,-0.040554406
153.7,-0.041670742
153.8,-0.042365931
153.9,-0.042635139
154,-0.042477805
154.1,-0.041897627
154.2,-0.0409025
154.3,-0.039504417
154.4,-0.037719331
154.5,-0.035566975
154.6,-0.033070646
154.7,-0.030256956
154.8,-0.027155547
154.9,-0.023798786
155,-0.020221423
155.1,-0.016460234
155.2,-0.012553647
155.3,-0.008541347
155.4,-0.004463877
155.5,-0.000362224
155.6,0.003722583
155.7,0.007749893
155.8,0.011679827
155.9,0.015473677
156,0.019094288
156.1,0.022506414
156.2,0.025677067
156.3,0.02857583
156.4,0.031175149
156.5,0.033450596
156.6,0.035381093
156.7,0.036949108
156.8,0.03814081
156.9,0.038946191
157,0.039359148
157.1,0.039377517
157.2,0.039003085
157.3,0.038241545
157.4,0.037102421
157.5,0.035598958
157.6,0.033747966
157.7,0.03156964
157.8,0.029087335
157.9,0.026327324
158,0.023318517
158.1,0.020092163
158.2,0.016681521
158.3,0.013121527
158.4,0.009448427
158.5,0.005699418
158.6,0.001912268
158.7,-0.001875065
158.8,-0.005624809
158.9,-0.009299755
159,-0.012863625
159.1,-0.016281433
159.2,-0.01951982
159.3,-0.022547386
159.4,-0.025334987
159.5,-0.02785602
159.6,-0.030086673
159.7,-0.032006147
159.8,-0.033596852
159.9,-0.034844563
160,-0.035738548
160.1,-0.036271656
160.2,-0.036440369
160.3,-0.036244822
160.4,-0.035688782
160.5,-0.034779593
160.6,-0.033528084
160.7,-0.031948442
160.8,-0.030058058
160.9,-0.027877335
161,-0.025429469
161.1,-0.022740204
161.2,-0.019837566
161.3,-0.016751565
161.4,-0.013513893
161.5,-0.010157596
161.6,-0.006716737
161.7,-0.003226053
161.8,0.000279394
161.9,0.003764571
162,0.007194822
162.1,0.01053621
162.2,0.013755856
162.3,0.016822258
162.4,0.019705598
162.5,0.022378035
162.6,0.024813967
162.7,0.026990282
162.8,0.028886569
162.9,0.030485314
163,0.031772057
163.1,0.03273552
163.2,0.033367709
163.3,0.033663969
163.4,0.033623023
163.5,0.03324696
163.6,0.032541203
163.7,0.031514433
163.8,0.030178492
163.9,0.028548246
164,0.02664142
164.1,0.02447841
164.2,0.022082067
164.3,0.019477452
164.4,0.016691579
164.5,0.013753137
164.6,0.010692191
164.7,0.007539879
164.8,0.004328094
164.9,0.001089164
165,-0.002144473
165.1,-0.005340597
165.2,-0.008467518
165.3,-0.011494397
165.4,-0.014391546
165.5,-0.01713072
165.6,-0.019685388
165.7,-0.022030993
165.8,-0.024145185
165.9,-0.026008034
166,-0.027602215
166.1,-0.028913169
166.2,-0.029929235
166.3,-0.03064175
166.4,-0.031045123
166.5,-0.031136873
166.6,-0.030917638
166.7,-0.030391156
166.8,-0.029564211
166.9,-0.028446547
167,-0.027050761
167.1,-0.025392161
167.2,-0.023488599
167.3,-0.02136028
167.4,-0.01902955
167.5,-0.016520664
167.6,-0.013859532
167.7,-0.011073452
167.8,-0.008190832
167.9,-0.005240902
168,-0.002253418
168.1,0.000741639
168.2,0.003714362
168.3,0.006635215
168.4,0.009475328
168.5,0.012206778
168.6,0.014802868
168.7,0.017238381
168.8,0.01948983
168.9,0.021535678
169,0.023356548
169.1,0.024935403
169.2,0.026257703
169.3,0.027311541
169.4,0.028087747
169.5,0.028579963
169.6,0.028784698
169.7,0.028701343
169.8,0.028332167
169.9,0.027682276
170,0.026759553
170.1,0.02557456
170.2,0.024140423
170.3,0.022472688
170.4,0.020589151
170.5,0.018509674
170.6,0.016255972
170.7,0.01385139
170.8,0.011320662
170.9,0.008689656
171,0.00598511
171.1,0.003234364
171.2,0.000465081
171.3,-0.002295028
171.4,-0.005018483
171.5,-0.007678306
171.6,-0.010248287
171.7,-0.012703244
171.8,-0.015019269
171.9,-0.017173956
172,-0.019146621
172.1,-0.020918499
172.2,-0.022472921
172.3,-0.023795468
172.4,-0.024874108
172.5,-0.0256993
172.6,-0.026264078
172.7,-0.026564109
172.8,-0.026597721
172.9,-0.026365907
173,-0.025872303
173.1,-0.025123138
173.2,-0.024127158
173.3,-0.022895526
173.4,-0.0214417
173.5,-0.019781289
173.6,-0.017931881
173.7,-0.015912863
173.8,-0.013745216
173.9,-0.0114513
174,-0.009054622
174.1,-0.006579597
174.2,-0.004051297
174.3,-0.001495204
174.4,0.001063053
174.5,0.003597948
174.6,0.006084318
174.7,0.008497608
174.8,0.010814116
174.9,0.013011222
175,0.015067609
175.1,0.016963471
175.2,0.018680702
175.3,0.020203066
175.4,0.021516353
175.5,0.022608509
175.6,0.023469743
175.7,0.02409262
175.8,0.024472115
175.9,0.024605658
176,0.024493144
176.1,0.024136922
176.2,0.02354176
176.3,0.022714786
176.4,0.021665403
176.5,0.020405185
176.6,0.018947753
176.7,0.017308624
176.8,0.015505053
176.9,0.013555846
177,0.011481169
177.1,0.009302338
177.2,0.007041602
177.3,0.004721916
177.4,0.002366708
177.5,-3.56471E-07
177.6,-0.002355611
177.7,-0.004675627
177.8,-0.006937442
177.9,-0.009118789
178,-0.011198315
178.1,-0.01315579
178.2,-0.014972299
178.3,-0.01663043
178.4,-0.018114437
178.5,-0.019410388
178.6,-0.020506296
178.7,-0.02139223
178.8,-0.022060402
178.9,-0.022505234
179,-0.022723403
179.1,-0.022713865
179.2,-0.02247785
179.3,-0.022018842
179.4,-0.021342529
179.5,-0.020456742
179.6,-0.019371359
179.7,-0.018098199
179.8,-0.016650897
179.9,-0.015044754
180,-0.013296582
180.1,-0.011424522
180.2,-0.009447863
180.3,-0.007386839
180.4,-0.005262427
180.5,-0.003096127
180.6,-0.000909755
180.7,0.001274786
180.8,0.003435717
180.9,0.005551607
181,0.007601578
181.1,0.009565514
181.2,0.011424259
181.3,0.0131598
181.4,0.014755442
181.5,0.016195971
181.6,0.017467794
181.7,0.018559067
181.8,0.019459809
181.9,0.020161987
182,0.020659588
182.1,0.02094867
182.2,0.021027391
182.3,0.020896013
182.4,0.020556895
182.5,0.020014456
182.6,0.019275119
182.7,0.01834724
182.8,0.017241012
182.9,0.015968358
183,0.014542799
183.1,0.012979316
183.2,0.011294188
183.3,0.009504829
183.4,0.007629603
183.5,0.005687639
183.6,0.003698639
183.7,0.001682673
183.8,-0.00034002
183.9,-0.002349234
184,-0.004324997
184.1,-0.006247774
184.2,-0.008098652
184.3,-0.009859531
184.4,-0.0115133
184.5,-0.013043998
184.6,-0.014436975
184.7,-0.015679024
184.8,-0.016758513
184.9,-0.017665486
185,-0.018391759
185.1,-0.018930989
185.2,-0.019278731
185.3,-0.019432473
185.4,-0.01939165
185.5,-0.019157637
185.6,-0.018733734
185.7,-0.018125114
185.8,-0.017338769
185.9,-0.016383427
186,-0.015269458
186.1,-0.014008764
186.2,-0.012614649
186.3,-0.011101681
186.4,-0.009485543
186.5,-0.007782867
186.6,-0.006011064
186.7,-0.004188151
186.8,-0.00233256
186.9,-0.000462963
187,0.001401928
187.1,0.003243535
187.2,0.00504361
187.3,0.006784408
187.4,0.008448862
187.5,0.010020755
187.6,0.011484872
187.7,0.012827148
187.8,0.014034805
187.9,0.01509647
188,0.016002284
188.1,0.01674399
188.2,0.017315009
188.3,0.017710499
188.4,0.01792739
188.5,0.01796441
188.6,0.017822088
188.7,0.017502736
188.8,0.017010423
188.9,0.016350922
189,0.015531642
189.1,0.014561553
189.2,0.01345108
189.3,0.012211998
189.4,0.010857307
189.5,0.009401093
189.6,0.007858385
189.7,0.006245
189.8,0.004577381
189.9,0.002872429
190,0.001147333
190.1,-0.0005806
190.2,-0.002294125
190.3,-0.003976225
190.4,-0.00561028
190.5,-0.007180235
190.6,-0.008670751
190.7,-0.01006736
190.8,-0.011356602
190.9,-0.012526155
191,-0.013564952
191.1,-0.014463286
191.2,-0.015212897
191.3,-0.015807052
191.4,-0.016240601
191.5,-0.016510021
191.6,-0.016613443
191.7,-0.016550664
191.8,-0.016323139
191.9,-0.015933959
192,-0.015387812
192.1,-0.014690926
192.2,-0.013851004
192.3,-0.012877136
192.4,-0.011779702
192.5,-0.010570263
192.6,-0.009261439
192.7,-0.007866779
192.8,-0.00640062
192.9,-0.004877941
193,-0.003314208
193.1,-0.001725222
193.2,-0.000126956
193.3,0.001464606
193.4,0.003033622
193.5,0.00456456
193.6,0.006042339
193.7,0.007452488
193.8,0.00878128
193.9,0.01001587
194,0.011144415
194.1,0.012156188
194.2,0.013041681
194.3,0.013792694
194.4,0.014402408
194.5,0.014865446
194.6,0.015177922
194.7,0.015337471
194.8,0.015343264
194.9,0.015196011
195,0.014897942
195.1,0.014452784
195.2,0.01386571
195.3,0.013143281
195.4,0.012293378
195.5,0.011325112
195.6,0.010248731
195.7,0.009075509
195.8,0.007817628
195.9,0.006488056
196,0.00510041
196.1,0.003668819
196.2,0.002207779
196.3,0.000732008
196.4,-0.000743703
196.5,-0.002204637
196.6,-0.003636298
196.7,-0.005024554
196.8,-0.006355776
196.9,-0.007616972
197,-0.008795915
197.1,-0.009881256
197.2,-0.010862639
197.3,-0.011730795
197.4,-0.01247763
197.5,-0.013096301
197.6,-0.013581278
197.7,-0.01392839
197.8,-0.014134864
197.9,-0.014199342
198,-0.014121889
198.1,-0.013903985
198.2,-0.013548504
198.3,-0.013059678
198.4,-0.012443046
198.5,-0.011705395
198.6,-0.010854686
198.7,-0.009899967
198.8,-0.008851278
198.9,-0.007719545
199,-0.00651647
199.1,-0.005254408
199.2,-0.003946237
199.3,-0.002605236
199.4,-0.001244941
199.5,0.000120985
199.6,0.001478892
199.7,0.002815278
199.8,0.004116922
199.9,0.005371015
200,0.006565289
200.1,0.007688132
200.2,0.0087287
200.3,0.009677028
200.4,0.010524118
200.5,0.011262026
200.6,0.011883938
200.7,0.01238423
200.8,0.01275852
200.9,0.013003702
201,0.013117977
201.1,0.013100857
201.2,0.012953167
201.3,0.012677033
201.4,0.012275849
201.5,0.011754239
201.6,0.011118006
201.7,0.010374067
201.8,0.009530378
201.9,0.008595851
202,0.007580259
202.1,0.006494135
202.2,0.005348662
202.3,0.00415556
202.4,0.002926966
202.5,0.001675309
202.6,0.000413186
202.7,-0.000846762
202.8,-0.002091981
202.9,-0.003310127
203,-0.004489185
203.1,-0.005617593
203.2,-0.006684348
203.3,-0.007679121
203.4,-0.008592348
203.5,-0.009415329
203.6,-0.010140307
203.7,-0.010760541
203.8,-0.011270366
203.9,-0.01166525
204,-0.011941828
204.1,-0.012097931
204.2,-0.012132603
204.3,-0.012046104
204.4,-0.011839901
204.5,-0.011516648
204.6,-0.011080152
204.7,-0.010535332
204.8,-0.00988816
204.9,-0.009145602
205,-0.008315538
205.1,-0.007406684
205.2,-0.006428497
205.3,-0.005391077
205.4,-0.004305066
205.5,-0.003181538
205.6,-0.002031884
205.7,-0.0008677
205.8,0.000299331
205.9,0.001457557
206,0.002595469
206.1,0.003701822
206.2,0.004765739
206.3,0.005776821
206.4,0.006725248
206.5,0.007601874
206.6,0.008398315
206.7,0.009107027
206.8,0.009721381
206.9,0.01023572
207,0.010645413
207.1,0.010946897
207.2,0.011137704
207.3,0.011216483
207.4,0.011183009
207.5,0.011038173
207.6,0.010783977
207.7,0.0104235
207.8,0.009960868
207.9,0.009401204
208,0.008750574
208.1,0.008015919
208.2,0.007204987
208.3,0.006326244
208.4,0.005388792
208.5,0.004402273
208.6,0.003376772
208.7,0.002322708
208.8,0.001250738
208.9,0.00017164
209,-0.000903787
209.1,-0.001964837
209.2,-0.003001
209.3,-0.004002067
209.4,-0.004958228
209.5,-0.005860171
209.6,-0.006699174
209.7,-0.007467181
209.8,-0.008156888
209.9,-0.008761806
210,-0.009276327
210.1,-0.009695768
210.2,-0.010016423
210.3,-0.010235585
210.4,-0.010351574
210.5,-0.01036375
210.6,-0.010272507
210.7,-0.010079272
210.8,-0.009786481
210.9,-0.00939755
211,-0.008916838
211.1,-0.008349596
211.2,-0.007701912
211.3,-0.006980649
211.4,-0.006193365
211.5,-0.005348241
211.6,-0.004453995
211.7,-0.003519789
211.8,-0.00255514
211.9,-0.00156982
212,-0.000573758
212.1,0.000423058
212.2,0.001410683
212.3,0.002379313
212.4,0.003319384
212.5,0.004221662
212.6,0.005077337
212.7,0.005878109
212.8,0.006616265
212.9,0.007284755
213,0.007877261
213.1,0.008388252
213.2,0.008813039
213.3,0.009147815
213.4,0.00938969
213.5,0.009536717
213.6,0.009587901
213.7,0.009543209
213.8,0.009403567
213.9,0.00917084
214,0.008847813
214.1,0.008438158
214.2,0.007946394
214.3,0.007377832
214.4,0.006738528
214.5,0.006035209
214.6,0.005275209
214.7,0.004466391
214.8,0.003617063
214.9,0.002735898
215,0.001831843
215.1,0.000914029
215.2,-8.32384E-06
215.3,-0.000925993
215.4,-0.001829851
215.5,-0.002710951
215.6,-0.003560621
215.7,-0.004370543
215.8,-0.005132839
215.9,-0.005840143
216,-0.006485675
216.1,-0.007063307
216.2,-0.007567616
216.3,-0.007993938
216.4,-0.008338411
216.5,-0.008598006
216.6,-0.00877056
216.7,-0.008854785
216.8,-0.008850281
216.9,-0.008757536
217,-0.008577915
217.1,-0.008313643
217.2,-0.007967777
217.3,-0.007544174
217.4,-0.007047446
217.5,-0.006482912
217.6,-0.005856539
217.7,-0.005174884
217.8,-0.004445019
217.9,-0.003674465
218,-0.002871108
218.1,-0.002043125
218.2,-0.001198896
218.3,-0.00034692
218.4,0.000504266
218.5,0.001346178
218.6,0.002170465
218.7,0.002968995
218.8,0.003733933
218.9,0.004457818
219,0.005133634
219.1,0.005754882
219.2,0.006315639
219.3,0.006810613
219.4,0.007235196
219.5,0.007585506
219.6,0.007858419
219.7,0.008051598
219.8,0.008163516
219.9,0.008193462
220,0.008141545
220.1,0.008008692
220.2,0.007796631
220.3,0.007507872
220.4,0.007145677
220.5,0.006714026
220.6,0.006217569
220.7,0.00566158
220.8,0.005051902
220.9,0.004394882
221,0.003697309
221.1,0.002966342
221.2,0.002209438
221.3,0.001434274
221.4,0.000648672
221.5,-0.000139481
221.6,-0.000922312
221.7,-0.00169204
221.8,-0.002441054
221.9,-0.003161989
222,-0.003847793
222.1,-0.004491803
222.2,-0.005087804
222.3,-0.005630092
222.4,-0.006113527
222.5,-0.006533581
222.6,-0.006886381
222.7,-0.007168744
222.8,-0.007378204
222.9,-0.007513038
223,-0.007572272
223.1,-0.007555692
223.2,-0.007463843
223.3,-0.007298015
223.4,-0.007060232
223.5,-0.006753223
223.6,-0.006380395
223.7,-0.005945796
223.8,-0.005454067
223.9,-0.004910397
224,-0.004320468
224.1,-0.003690394
224.2,-0.003026657
224.3,-0.002336047
224.4,-0.001625583
224.5,-0.000902451
224.6,-0.000173926
224.7,0.000552701
224.8,0.001270191
224.9,0.001971435
225,0.002649521
225.1,0.003297801
225.2,0.003909959
225.3,0.00448007
225.4,0.005002658
225.5,0.005472749
225.6,0.005885915
225.7,0.006238321
225.8,0.006526754
225.9,0.006748658
226,0.006902151
226.1,0.006986044
226.2,0.006999847
226.3,0.006943772
226.4,0.006818726
226.5,0.006626301
226.6,0.006368753
226.7,0.006048973
226.8,0.005670462
226.9,0.005237288
227,0.004754043
227.1,0.004225797
227.2,0.003658041
227.3,0.003056635
227.4,0.002427746
227.5,0.001777781
227.6,0.001113328
227.7,0.000441086
227.8,-0.000232202
227.9,-0.000899816
228,-0.001555127
228.1,-0.00219166
228.2,-0.002803162
228.3,-0.003383657
228.4,-0.003927512
228.5,-0.004429486
228.6,-0.004884781
228.7,-0.00528909
228.8,-0.005638634
228.9,-0.005930201
229,-0.006161172
229.1,-0.006329547
229.2,-0.006433957
229.3,-0.00647368
229.4,-0.006448644
229.5,-0.006359421
229.6,-0.006207221
229.7,-0.005993875
229.8,-0.005721817
229.9,-0.005394052
230,-0.005014127
230.1,-0.004586092
230.2,-0.004114454
230.3,-0.003604135
230.4,-0.003060418
230.5,-0.002488891
230.6,-0.001895394
230.7,-0.001285953
230.8,-0.000666727
230.9,-4.39409E-05
231,0.000576178
231.1,0.001187457
231.2,0.001783845
231.3,0.002359469
231.4,0.002908691
231.5,0.003426165
231.6,0.003906889
231.7,0.004346253
231.8,0.00474008
231.9,0.00508467
232,0.005376833
232.1,0.005613915
232.2,0.005793828
232.3,0.005915062
232.4,0.0059767
232.5,0.005978426
232.6,0.00592052
232.7,0.005803858
232.8,0.005629897
232.9,0.005400656
233,0.005118698
233.1,0.004787098
233.2,0.00440941
233.3,0.003989631
233.4,0.003532158
233.5,0.00304174
233.6,0.002523432
233.7,0.001982544
233.8,0.001424582
233.9,0.000855195
234,0.000280119
234.1,-0.000294882
234.2,-0.000864075
234.3,-0.001421811
234.4,-0.001962586
234.5,-0.002481091
234.6,-0.002972266
234.7,-0.003431349
234.8,-0.003853922
234.9,-0.004235952
235,-0.004573832
235.1,-0.004864412
235.2,-0.00510503
235.3,-0.005293536
235.4,-0.005428309
235.5,-0.005508274
235.6,-0.005532907
235.7,-0.005502237
235.8,-0.005416846
235.9,-0.00527786
236,-0.005086931
236.1,-0.004846222
236.2,-0.004558383
236.3,-0.004226518
236.4,-0.003854158
236.5,-0.003445218
236.6,-0.003003959
236.7,-0.002534941
236.8,-0.002042983
236.9,-0.001533103
237,-0.001010477
237.1,-0.00048038
237.2,5.18643E-05
237.3,0.000580936
237.4,0.001101576
237.5,0.001608633
237.6,0.002097119
237.7,0.002562253
237.8,0.002999514
237.9,0.003404681
238,0.003773872
238.1,0.004103585
238.2,0.004390729
238.3,0.004632652
238.4,0.004827167
238.5,0.004972571
238.6,0.005067658
238.7,0.005111732
238.8,0.005104607
238.9,0.005046609
239,0.004938571
239.1,0.00478182
239.2,0.004578161
239.3,0.004329861
239.4,0.004039617
239.5,0.003710534
239.6,0.003346088
239.7,0.002950088
239.8,0.002526643
239.9,0.002080112
240,0.001615062
240.1,0.001136225
240.2,0.000648445
240.3,0.000156631
240.4,-0.000334292
240.5,-0.000819433
240.6,-0.001293982
240.7,-0.00175326
240.8,-0.002192761
240.9,-0.002608203
241,-0.00299556
241.1,-0.003351112
241.2,-0.003671469
241.3,-0.003953613
241.4,-0.004194921
241.5,-0.00439319
241.6,-0.004546656
241.7,-0.004654014
241.8,-0.004714422
241.9,-0.004727512
242,-0.004693389
242.1,-0.004612629
242.2,-0.004486271
242.3,-0.004315802
242.4,-0.004103141
242.5,-0.003850621
242.6,-0.003560958
242.7,-0.003237227
242.8,-0.002882825
242.9,-0.002501441
243,-0.002097012
243.1,-0.001673687
243.2,-0.001235781
243.3,-0.000787735
243.4,-0.000334068
243.5,0.000120668
243.6,0.000571933
243.7,0.001015243
243.8,0.001446217
243.9,0.001860619
244,0.002254398
244.1,0.00262373
244.2,0.002965053
244.3,0.003275104
244.4,0.003550946
244.5,0.003789999
244.6,0.003990062
244.7,0.004149335
244.8,0.004266432
244.9,0.004340396
245,0.004370704
245.1,0.004357273
245.2,0.004300453
245.3,0.004201029
245.4,0.004060204
245.5,0.003879589
245.6,0.003661184
245.7,0.003407356
245.8,0.003120812
245.9,0.002804573
246,0.002461942
246.1,0.002096467
246.2,0.001711907
246.3,0.001312192
246.4,0.000901384
246.5,0.000483635
246.6,6.31471E-05
246.7,-0.000355874
246.8,-0.000769255
246.9,-0.001172904
247,-0.001562841
247.1,-0.001935248
247.2,-0.002286498
247.3,-0.002613192
247.4,-0.002912195
247.5,-0.003180665
247.6,-0.003416074
247.7,-0.003616241
247.8,-0.003779345
247.9,-0.003903945
248,-0.003988989
248.1,-0.004033826
248.2,-0.004038212
248.3,-0.004002302
248.4,-0.003926657
248.5,-0.003812228
248.6,-0.003660351
248.7,-0.003472727
248.8,-0.003251406
248.9,-0.002998762
249,-0.002717472
249.1,-0.002410483
249.2,-0.002080986
249.3,-0.001732379
249.4,-0.001368233
249.5,-0.000992258
249.6,-0.000608263
249.7,-0.000220117
249.8,0.000168289
249.9,0.000553079
250,0.000930434
250.1,0.001296628
250.2,0.001648064
250.3,0.001981311
250.4,0.002293137
250.5,0.002580538
250.6,0.00284077
250.7,0.003071374
250.8,0.003270196
250.9,0.003435414
251,0.003565546
251.1,0.00365947
251.2,0.00371643
251.3,0.003736042
251.4,0.003718297
251.5,0.003663558
251.6,0.003572555
251.7,0.003446377
251.8,0.003286458
251.9,0.003094561
252,0.00287276
252.1,0.002623414
252.2,0.002349149
252.3,0.002052824
252.4,0.001737504
252.5,0.001406429
252.6,0.001062979
252.7,0.00071064
252.8,0.000352972
252.9,-6.43268E-06
253,-0.000363981
253.1,-0.000716115
253.2,-0.001059352
253.3,-0.001390312
253.4,-0.001705755
253.5,-0.002002614
253.6,-0.00227802
253.7,-0.002529335
253.8,-0.00275417
253.9,-0.002950417
254,-0.003116262
254.1,-0.0032502
254.2,-0.003351056
254.3,-0.00341799
254.4,-0.003450502
254.5,-0.00344844
254.6,-0.003411998
254.7,-0.003341709
254.8,-0.003238445
254.9,-0.003103398
255,-0.002938075
255.1,-0.002744275
255.2,-0.002524074
255.3,-0.002279798
255.4,-0.002014004
255.5,-0.00172945
255.6,-0.001429068
255.7,-0.001115931
255.8,-0.000793228
255.9,-0.000464223
256,-0.000132229
256.1,0.000199427
256.2,0.000527441
256.3,0.000848558
256.4,0.001159611
256.5,0.001457548
256.6,0.001739463
256.7,0.002002625
256.8,0.002244502
256.9,0.002462788
257,0.002655424
257.1,0.002820617
257.2,0.002956856
257.3,0.003062927
257.4,0.003137922
257.5,0.003181249
257.6,0.003192634
257.7,0.003172122
257.8,0.003120077
257.9,0.003037174
258,0.002924396
258.1,0.002783016
258.2,0.002614585
258.3,0.00242092
258.4,0.002204076
258.5,0.001966333
258.6,0.001710166
258.7,0.001438221
258.8,0.001153289
258.9,0.000858276
259,0.000556175
259.1,0.000250034
259.2,-5.70731E-05
259.3,-0.00036208
259.4,-0.000661954
259.5,-0.000953731
259.6,-0.001234542
259.7,-0.00150164
259.8,-0.001752429
259.9,-0.001984492
260,-0.002195605
260.1,-0.002383769
260.2,-0.002547221
260.3,-0.002684455
260.4,-0.002794232
260.5,-0.002875595
260.6,-0.002927874
260.7,-0.002950693
260.8,-0.00294397
260.9,-0.002907922
261,-0.002843052
261.1,-0.002750152
261.2,-0.002630289
261.3,-0.002484791
261.4,-0.002315239
261.5,-0.002123442
261.6,-0.001911425
261.7,-0.001681403
261.8,-0.00143576
261.9,-0.001177023
262,-0.000907838
262.1,-0.000630941
262.2,-0.000349134
262.3,-6.52499E-05
262.4,0.000217869
262.5,0.000497403
262.6,0.000770582
262.7,0.001034714
262.8,0.001287209
262.9,0.001525608
263,0.001747602
263.1,0.001951061
263.2,0.002134047
263.3,0.002294838
263.4,0.002431941
263.5,0.002544106
263.6,0.002630339
263.7,0.00268991
263.8,0.002722358
263.9,0.002727494
264,0.002705403
264.1,0.002656441
264.2,0.002581231
264.3,0.002480654
264.4,0.002355838
264.5,0.002208151
264.6,0.002039178
264.7,0.001850712
264.8,0.001644728
264.9,0.001423369
265,0.001188919
265.1,0.000943781
265.2,0.000690454
265.3,0.000431504
265.4,0.000169542
265.5,-9.28042E-05
265.6,-0.000352916
265.7,-0.000608211
265.8,-0.000856168
265.9,-0.001094349
266,-0.001320428
266.1,-0.001532211
266.2,-0.001727657
266.3,-0.001904898
266.4,-0.002062258
266.5,-0.002198267
266.6,-0.002311674
266.7,-0.00240146
266.8,-0.00246685
266.9,-0.002507311
267,-0.002522566
267.1,-0.002512587
267.2,-0.0024776
267.3,-0.002418078
267.4,-0.002334738
267.5,-0.002228529
267.6,-0.002100625
267.7,-0.001952409
267.8,-0.001785461
267.9,-0.00160154
268,-0.001402564
268.1,-0.001190592
268.2,-0.000967805
268.3,-0.000736476
268.4,-0.000498956
268.5,-0.000257645
268.6,-1.49678E-05
268.7,0.000226648
268.8,0.000464799
268.9,0.000697126
269,0.000921343
269.1,0.001135252
269.2,0.001336773
269.3,0.001523957
269.4,0.001695009
269.5,0.001848304
269.6,0.001982401
269.7,0.002096059
269.8,0.002188246
269.9,0.00225815
270,0.002305186
270.1,0.002328996
270.2,0.002329462
270.3,0.002306693
270.4,0.002261033
270.5,0.002193052
270.6,0.002103539
270.7,0.001993493
270.8,0.001864116
270.9,0.001716793
271,0.001553083
271.1,0.001374701
271.2,0.001183499
271.3,0.000981447
271.4,0.000770615
271.5,0.00055315
271.6,0.000331252
271.7,0.000107158
271.8,-0.000116887
271.9,-0.000338649
272,-0.000555928
272.1,-0.000766579
272.2,-0.000968534
272.3,-0.001159823
272.4,-0.001338591
272.5,-0.001503117
272.6,-0.001651833
272.7,-0.001783333
272.8,-0.001896392
272.9,-0.001989975
273,-0.002063245
273.1,-0.002115572
273.2,-0.002146541
273.3,-0.002155947
273.4,-0.002143806
273.5,-0.002110345
273.6,-0.002056004
273.7,-0.00198143
273.8,-0.001887467
273.9,-0.00177515
274,-0.001645689
274.1,-0.001500461
274.2,-0.001340993
274.3,-0.001168948
274.4,-0.000986102
274.5,-0.000794334
274.6,-0.000595601
274.7,-0.000391919
274.8,-0.000185344
274.9,2.2049E-05
275,0.000228188
275.1,0.000431022
275.2,0.000628547
275.3,0.000818818
275.4,0.000999974
275.5,0.001170254
275.6,0.001328013
275.7,0.001471742
275.8,0.001600076
275.9,0.001711813
276,0.00180592
276.1,0.001881548
276.2,0.001938033
276.3,0.00197491
276.4,0.001991906
276.5,0.001988953
276.6,0.001966179
276.7,0.001923909
276.8,0.001862664
276.9,0.001783147
277,0.001686244
277.1,0.001573008
277.2,0.001444648
277.3,0.001302522
277.4,0.001148114
277.5,0.000983026
277.6,0.000808958
277.7,0.000627691
277.8,0.000441067
277.9,0.000250976
278,5.93297E-05
278.1,-0.000131952
278.2,-0.000320964
278.3,-0.000505833
278.4,-0.000684735
278.5,-0.000855915
278.6,-0.001017706
278.7,-0.001168541
278.8,-0.001306969
278.9,-0.001431672
279,-0.001541476
279.1,-0.001635359
279.2,-0.001712464
279.3,-0.001772107
279.4,-0.001813778
279.5,-0.001837153
279.6,-0.00184209
279.7,-0.001828631
279.8,-0.001797003
279.9,-0.00174761
280,-0.001681035
280.1,-0.001598028
280.2,-0.001499497
280.3,-0.001386503
280.4,-0.001260245
280.5,-0.001122049
280.6,-0.000973352
280.7,-0.000815689
280.8,-0.000650678
280.9,-0.00048
281,-0.000305387
281.1,-0.000128599
281.2,4.85899E-05
281.3,0.00022441
281.4,0.000397116
281.5,0.000565
281.6,0.000726411
281.7,0.000879773
281.8,0.001023597
281.9,0.001156494
282,0.001277196
282.1,0.001384558
282.2,0.001477576
282.3,0.001555394
282.4,0.001617313
282.5,0.001662793
282.6,0.001691463
282.7,0.001703122
282.8,0.001697737
282.9,0.001675448
283,0.001636561
283.1,0.001581546
283.2,0.001511033
283.3,0.001425802
283.4,0.001326777
283.5,0.001215014
283.6,0.001091691
283.7,0.000958095
283.8,0.000815611
283.9,0.000665704
284,0.000509905
284.1,0.000349798
284.2,0.000187001
284.3,2.31509E-05
284.4,-0.000140113
284.5,-0.000301165
284.6,-0.00045841
284.7,-0.0006103
284.8,-0.000755345
284.9,-0.000892134
285,-0.001019343
285.1,-0.001135752
285.2,-0.001240254
285.3,-0.001331866
285.4,-0.001409738
285.5,-0.001473162
285.6,-0.001521578
285.7,-0.001554578
285.8,-0.00157191
285.9,-0.001573479
286,-0.001559347
286.1,-0.001529735
286.2,-0.001485015
286.3,-0.001425707
286.4,-0.001352477
286.5,-0.001266124
286.6,-0.001167575
286.7,-0.001057873
286.8,-0.000938168
286.9,-0.000809704
287,-0.000673805
287.1,-0.000531864
287.2,-0.000385327
287.3,-0.000235678
287.4,-8.4425E-05
287.5,6.69156E-05
287.6,0.000216834
287.7,0.000363842
287.8,0.000506489
287.9,0.000643373
288,0.000773158
288.1,0.000894585
288.2,0.001006484
288.3,0.001107788
288.4,0.001197539
288.5,0.001274899
288.6,0.001339158
288.7,0.001389742
288.8,0.001426214
288.9,0.00144828
289,0.001455793
289.1,0.001448749
289.2,0.001427293
289.3,0.001391709
289.4,0.001342423
289.5,0.001279995
289.6,0.001205113
289.7,0.001118586
289.8,0.001021335
289.9,0.000914383
290,0.000798845
290.1,0.000675917
290.2,0.000546861
290.3,0.000412995
290.4,0.000275678
290.5,0.000136296
290.6,-3.74922E-06
290.7,-0.000143059
290.8,-0.000280247
290.9,-0.000413957
291,-0.00054287
291.1,-0.000665727
291.2,-0.000781332
291.3,-0.000888569
291.4,-0.000986408
291.5,-0.001073922
291.6,-0.00115029
291.7,-0.001214805
291.8,-0.001266883
291.9,-0.001306067
292,-0.00133203
292.1,-0.001344579
292.2,-0.001343656
292.3,-0.001329337
292.4,-0.001301833
292.5,-0.001261482
292.6,-0.001208752
292.7,-0.001144231
292.8,-0.001068619
292.9,-0.000982728
293,-0.000887464
293.1,-0.000783825
293.2,-0.000672885
293.3,-0.000555788
293.4,-0.000433733
293.5,-0.00030796
293.6,-0.000179744
293.7,-5.03743E-05
293.8,7.88524E-05
293.9,0.000206648
294,0.000331746
294.1,0.000452911
294.2,0.000568955
294.3,0.000678746
294.4,0.00078122
294.5,0.000875392
294.6,0.000960364
294.7,0.001035335
294.8,0.001099607
294.9,0.001152591
295,0.001193817
295.1,0.001222931
295.2,0.001239704
295.3,0.001244029
295.4,0.001235926
295.5,0.001215538
295.6,0.001183129
295.7,0.001139082
295.8,0.001083896
295.9,0.001018174
296,0.000942626
296.1,0.000858055
296.2,0.000765347
296.3,0.00066547
296.4,0.000559453
296.5,0.000448386
296.6,0.000333402
296.7,0.000215666
296.8,9.63657E-05
296.9,-2.33001E-05
297,-0.000142137
297.1,-0.000258963
297.2,-0.000372624
297.3,-0.000482002
297.4,-0.000586028
297.5,-0.00068369
297.6,-0.000774047
297.7,-0.000856234
297.8,-0.000929471
297.9,-0.000993074
298,-0.001046455
298.1,-0.001089134
298.2,-0.001120739
298.3,-0.001141008
298.4,-0.001149798
298.5,-0.001147076
298.6,-0.001132929
298.7,-0.001107553
298.8,-0.001071258
298.9,-0.001024461
299,-0.00096768
299.1,-0.000901532
299.2,-0.000826723
299.3,-0.000744042
299.4,-0.000654353
299.5,-0.000558585
299.6,-0.000457725
299.7,-0.000352802
299.8,-0.000244885
299.9,-0.000135063
300,-2.44426E-05
300.1,8.58702E-05
300.2,0.000194776
300.3,0.000301197
300.4,0.000404083
300.5,0.000502426
300.6,0.000595268
300.7,0.00068171
300.8,0.000760922
300.9,0.000832151
301,0.000894725
301.1,0.000948064
301.2,0.000991683
301.3,0.001025193
301.4,0.001048313
301.5,0.001060862
301.6,0.001062768
301.7,0.001054067
301.8,0.001034896
301.9,0.0010055
302,0.000966223
302.1,0.000917506
302.2,0.000859881
302.3,0.000793969
302.4,0.000720466
302.5,0.000640146
302.6,0.000553841
302.7,0.000462444
302.8,0.000366891
302.9,0.000268155
303,0.000167237
303.1,6.51551E-05
303.2,-3.70677E-05
303.3,-0.000138411
303.4,-0.000237869
303.5,-0.000334458
303.6,-0.00042723
303.7,-0.000515278
303.8,-0.000597749
303.9,-0.000673846
304,-0.000742844
304.1,-0.00080409
304.2,-0.000857011
304.3,-0.000901121
304.4,-0.000936024
304.5,-0.000961419
304.6,-0.000977098
304.7,-0.000982955
304.8,-0.000978979
304.9,-0.00096526
305,-0.000941983
305.1,-0.000909428
305.2,-0.000867965
305.3,-0.000818053
305.4,-0.000760231
305.5,-0.000695116
305.6,-0.000623394
305.7,-0.000545812
305.8,-0.000463174
305.9,-0.000376329
306,-0.000286163
306.1,-0.000193594
306.2,-9.95553E-05
306.3,-4.99296E-06
306.4,8.91475E-05
306.5,0.000181929
306.6,0.000272434
306.7,0.000359771
306.8,0.000443083
306.9,0.000521562
307,0.000594447
307.1,0.000661041
307.2,0.00072071
307.3,0.000772894
307.4,0.000817109
307.5,0.000852955
307.6,0.000880116
307.7,0.000898364
307.8,0.000907561
307.9,0.000907662
308,0.00089871
308.1,0.000880839
308.2,0.000854274
308.3,0.000819321
308.4,0.000776372
308.5,0.000725894
308.6,0.000668428
308.7,0.000604583
308.8,0.000535027
308.9,0.000460482
309,0.000381716
309.1,0.000299536
309.2,0.000214779
309.3,0.000128303
309.4,4.09786E-05
309.5,-4.63191E-05
309.6,-0.000132719
309.7,-0.000217365
309.8,-0.000299421
309.9,-0.000378082
310,-0.000452579
310.1,-0.000522192
310.2,-0.000586249
310.3,-0.00064414
310.4,-0.000695319
310.5,-0.000739308
310.6,-0.000775705
310.7,-0.000804184
310.8,-0.0008245
310.9,-0.000836493
311,-0.000840084
311.1,-0.000835278
311.2,-0.000822167
311.3,-0.000800921
311.4,-0.000771794
311.5,-0.000735115
311.6,-0.000691287
311.7,-0.000640784
311.8,-0.000584143
311.9,-0.000521958
312,-0.000454878
312.1,-0.000383596
312.2,-0.000308844
312.3,-0.000231385
312.4,-0.000152004
312.5,-7.15038E-05
312.6,9.30839E-06
312.7,8.96247E-05
312.8,0.000168647
312.9,0.000245592
313,0.000319705
313.1,0.00039026
313.2,0.000456571
313.3,0.000517998
313.4,0.000573952
313.5,0.000623903
313.6,0.000667383
313.7,0.000703991
313.8,0.000733395
313.9,0.000755338
314,0.000769639
314.1,0.000776192
314.2,0.000774973
314.3,0.00076603
314.4,0.000749493
314.5,0.000725563
314.6,0.000694517
314.7,0.000656699
314.8,0.000612521
314.9,0.000562454
315,0.000507028
315.1,0.000446821
315.2,0.000382459
315.3,0.000314604
315.4,0.000243949
315.5,0.000171214
315.6,9.71339E-05
315.7,2.24548E-05
315.8,-5.20758E-05
315.9,-0.000125715
316,-0.000197734
316.1,-0.000267421
316.2,-0.000334094
316.3,-0.000397102
316.4,-0.000455836
316.5,-0.000509731
316.6,-0.000558273
316.7,-0.000601006
316.8,-0.000637532
316.9,-0.000667517
317,-0.000690696
317.1,-0.000706871
317.2,-0.000715916
317.3,-0.000717776
317.4,-0.000712468
317.5,-0.000700081
317.6,-0.000680774
317.7,-0.000654775
317.8,-0.000622374
317.9,-0.000583929
318,-0.000539851
318.1,-0.00049061
318.2,-0.000436721
318.3,-0.000378746
318.4,-0.000317283
318.5,-0.000252962
318.6,-0.000186439
318.7,-0.000118388
318.8,-4.94964E-05
318.9,1.95454E-05
319,8.8048E-05
319.1,0.000155331
319.2,0.000220729
319.3,0.0002836
319.4,0.000343328
319.5,0.000399335
319.6,0.00045108
319.7,0.000498069
319.8,0.000539855
319.9,0.00057605
320,0.000606319
320.1,0.00063039
320.2,0.000648054
320.3,0.000659167
320.4,0.000663651
320.5,0.000661494
320.6,0.000652751
320.7,0.000637541
320.8,0.000616049
320.9,0.000588521
321,0.00055526
321.1,0.000516628
321.2,0.000473036
321.3,0.000424944
321.4,0.000372854
321.5,0.000317305
321.6,0.000258869
321.7,0.000198143
321.8,0.000135743
321.9,7.23008E-05
322,8.45403E-06
322.1,-5.51586E-05
322.2,-0.000117904
322.3,-0.00017916
322.4,-0.000238325
322.5,-0.000294817
322.6,-0.000348087
322.7,-0.000397621
322.8,-0.000442941
322.9,-0.000483619
323,-0.00051927
323.1,-0.000549565
323.2,-0.000574228
323.3,-0.000593041
323.4,-0.000605846
323.5,-0.000612545
323.6,-0.000613101
323.7,-0.000607541
323.8,-0.000595949
323.9,-0.000578472
324,-0.000555313
324.1,-0.000526731
324.2,-0.000493039
324.3,-0.000454597
324.4,-0.000411814
324.5,-0.000365137
324.6,-0.000315052
324.7,-0.000262074
324.8,-0.000206747
324.9,-0.000149634
325,-9.1313E-05
325.1,-3.23727E-05
325.2,2.65966E-05
325.3,8.50064E-05
325.4,0.000142277
325.5,0.000197843
325.6,0.000251159
325.7,0.000301705
325.8,0.000348989
325.9,0.000392557
326,0.000431993
326.1,0.000466924
326.2,0.000497024
326.3,0.000522017
326.4,0.000541679
326.5,0.000555841
326.6,0.00056439
326.7,0.000567266
326.8,0.000564472
326.9,0.000556061
327,0.000542147
327.1,0.000522896
327.2,0.000498526
327.3,0.000469306
327.4,0.000435551
327.5,0.00039762
327.6,0.000355914
327.7,0.000310865
327.8,0.000262942
327.9,0.000212635
328,0.000160458
328.1,0.000106941
328.2,5.26251E-05
328.3,-1.94512E-06
328.4,-5.62238E-05
328.5,-0.000109671
328.6,-0.000161758
328.7,-0.000211972
328.8,-0.000259821
328.9,-0.000304841
329,-0.000346596
329.1,-0.000384686
329.2,-0.00041875
329.3,-0.000448467
329.4,-0.000473564
329.5,-0.000493813
329.6,-0.000509036
329.7,-0.000519107
329.8,-0.00052395
329.9,-0.000523544
330,-0.000517918
330.1,-0.000507156
330.2,-0.000491389
330.3,-0.0004708
330.4,-0.000445619
330.5,-0.000416119
330.6,-0.000382617
330.7,-0.000345465
330.8,-0.000305054
330.9,-0.000261802
331,-0.000216155
331.1,-0.000168579
331.2,-0.00011956
331.3,-6.95927E-05
331.4,-1.91807E-05
331.5,3.11712E-05
331.6,8.09611E-05
331.7,0.000129695
331.8,0.000176893
331.9,0.000222091
332,0.000264849
332.1,0.000304752
332.2,0.000341417
332.3,0.000374494
332.4,0.000403671
332.5,0.000428677
332.6,0.000449283
332.7,0.000465306
332.8,0.000476608
332.9,0.000483101
333,0.000484743
333.1,0.000481543
333.2,0.000473556
333.3,0.000460887
333.4,0.000443684
333.5,0.000422142
333.6,0.000396498
333.7,0.000367027
333.8,0.000334043
333.9,0.000297892
334,0.000258951
334.1,0.000217621
334.2,0.000174327
334.3,0.00012951
334.4,8.36256E-05
334.5,3.71358E-05
334.6,-9.49252E-06
334.7,-5.57936E-05
334.8,-0.000101307
334.9,-0.000145584
335,-0.000188187
335.1,-0.000228702
335.2,-0.000266733
335.3,-0.000301915
335.4,-0.00033391
335.5,-0.000362416
335.6,-0.000387165
335.7,-0.000407929
335.8,-0.000424522
335.9,-0.000436798
336,-0.000444657
336.1,-0.000448042
336.2,-0.000446942
336.3,-0.00044139
336.4,-0.000431463
336.5,-0.000417283
336.6,-0.000399013
336.7,-0.000376854
336.8,-0.000351047
336.9,-0.000321869
337,-0.000289625
337.1,-0.000254654
337.2,-0.000217318
337.3,-0.000178001
337.4,-0.000137104
337.5,-9.50447E-05
337.6,-5.22468E-05
337.7,-9.14139E-06
337.8,3.38402E-05
337.9,7.627E-05
338,0.000117728
338.1,0.000157804
338.2,0.000196107
338.3,0.000232263
338.4,0.000265923
338.5,0.000296762
338.6,0.000324489
338.7,0.00034884
338.8,0.000369592
338.9,0.000386554
339,0.000399576
339.1,0.000408548
339.2,0.000413401
339.3,0.000414108
339.4,0.00041068
339.5,0.000403174
339.6,0.000391685
339.7,0.000376347
339.8,0.000357332
339.9,0.000334848
340,0.000309137
340.1,0.000280471
340.2,0.000249151
340.3,0.000215502
340.4,0.000179872
340.5,0.000142626
340.6,0.000104143
340.7,6.4814E-05
340.8,2.50343E-05
340.9,-1.47967E-05
341,-5.42814E-05
341.1,-9.30279E-05
341.2,-0.000130653
341.3,-0.000166788
341.4,-0.000201079
341.5,-0.000233194
341.6,-0.000262823
341.7,-0.000289683
341.8,-0.00031352
341.9,-0.000334112
342,-0.000351269
342.1,-0.000364837
342.2,-0.000374698
342.3,-0.000380774
342.4,-0.000383022
342.5,-0.000381439
342.6,-0.00037606
342.7,-0.000366957
342.8,-0.00035424
342.9,-0.000338054
343,-0.000318577
343.1,-0.000296019
343.2,-0.000270623
343.3,-0.000242654
343.4,-0.000212404
343.5,-0.000180187
343.6,-0.000146334
343.7,-0.00011119
343.8,-7.51125E-05
343.9,-3.84659E-05
344,-1.61849E-06
344.1,3.50613E-05
344.2,7.12085E-05
344.3,0.000106465
344.4,0.000140484
344.5,0.000172933
344.6,0.000203495
344.7,0.000231875
344.8,0.000257801
344.9,0.000281026
345,0.000301334
345.1,0.000318534
345.2,0.000332473
345.3,0.000343025
345.4,0.000350105
345.5,0.000353657
345.6,0.000353665
345.7,0.000350146
345.8,0.000343152
345.9,0.000332771
346,0.000319122
346.1,0.00030236
346.2,0.000282665
346.3,0.00026025
346.4,0.000235351
346.5,0.000208229
346.6,0.000179166
346.7,0.000148461
346.8,0.000116428
346.9,8.33944E-05
347,4.96935E-05
347.1,1.56651E-05
347.2,-1.83498E-05
347.3,-5.2012E-05
347.4,-8.49877E-05
347.5,-0.000116951
347.6,-0.000147589
347.7,-0.000176602
347.8,-0.000203709
347.9,-0.00022865
348,-0.000251185
348.1,-0.000271104
348.2,-0.000288219
348.3,-0.000302374
348.4,-0.000313444
348.5,-0.000321332
348.6,-0.000325976
348.7,-0.000327346
348.8,-0.000325444
348.9,-0.000320307
349,-0.000312
349.1,-0.000300624
349.2,-0.000286306
349.3,-0.000269204
349.4,-0.000249503
349.5,-0.000227412
349.6,-0.000203163
349.7,-0.000177008
349.8,-0.000149219
349.9,-0.000120081
350,-8.98898E-05
